year,month,revenue,prev_year_revenue,yoy_growth_percent
2025,07,326037.712,,
2025,08,385582.30199999997,,
2025,09,219225.61,,
2025,10,308424.5005,,
2025,11,298499.5675,,
2025,12,448603.997,,
2026,01,357790.2195,,
2026,02,350033.554,,
2026,03,308049.845,,
2026,04,314264.35599999997,,
2026,05,357170.5285,,
2026,06,264137.583,,
2026,07,59369.8865,326037.712,-81.79
